B0727XLFRC,CAUC000910
B0725BV5ZX,CTIC003935
B008UQ81T8,DCBOW00023
B00AYXUIO6,PEDX000025
B00ESW950C,PHCBDT0005
B071HH574N,CAUC000055
B00ADJC8ZI,HHACKN0155
B071L2X5GN,IOICA00010
B004BY4JHQ,MDPH000138
B003QLHJFE,RAMS001866
B071HH59WM,CTIC002339
B0727XLGLY,KMICA00017
B072BJDBJQ,CAVG000010
B071YVR21R,TAVM000005
B0727XL8B2,CAFO000018
B0716KYD8P,CAHD000466
B0716KYCLF,CAUC001107
B075RMHJS9,PBFL000046
B00R1F09A8,DSVN004404
B07794JYLJ,MTMSI00005
B00SYX4X26,MDPH000155
B0035H9G4G,BAEN000420
B078NKYP8V,CAKID00052
B078NJVB3H,CAKID00060
B072HNYDZB,CARJ001367
B071YVRVR7,CAUC000527
B00EAKXBAC,DCENI00024
B0727XKX9K,CAICA00055
B078NKYP8W,CAKID00053
B018RH6CO0,CMACDJ0028
B07195B11K,CARJ002516
B00PQ6GEGC,FNDC000046
B078Z2MDFP,HMMEE00020
B071H7BDJQ,PBFL000108
B000BD1AA0,CTHP006344
B0157DKAU4,HSFI000390
B072ML1NVP,NAICA00041
B015LOV92C,HDWEE00002
B0778Y2GFX,HMESC00013
B078C8TB2F,KMICA00058
B01LWP7EB3,PBFL000126
B0045KRQ9O,BAMH000155
B077PYDBJ8,HAULA00001
B019Y6DLFQ,HOTYG00006
B072LRYC4Q,HTSAS00005
B074VBKFJN,CSINI00005
B078NKS1BD,CAKID00022
B072F3Z2PC,CARJ002767
B00HBGJS6I,CATL000260
B06XGZRY8K,DTLEN00030
B0716KYDH6,CAMB000001
B072BJDG8T,HOICA00012
B01K9H4EAK,NABAS00010
B01EFHAXM8,HTJBL00002
B072188H18,PHCHLT0030
B078NG6X3R,CAKID00018
B071RTMQ8K,CARJ002589
B076PQV3CB,GAMEG00003
B0713YYN63,CTIC003524
B078N6X4PD,CAKID00012
B0799Z1MF6,SPTOI00002
B071NNQX7C,CAUC000518
B0047ELKS6,DSVN000271
B00INR7AZK,NTIO000046
B071YTYJZC,CASP000162
B0716KYBW4,CAAC000087
B0002J2NXQ,CACT000455
B078N6WXKC,CAKID00016
B071HH4ZSY,CADP000050
B079SW7TFB,CAICA00165
B071HH5BJH,CTIC003409
B0002OF2FC,CACT000174
B073GMX2HN,LPASU00056
B071HH56D5,KMACICA001
B072F3WH6Q,CAMA000042
B0716KYB2K,CAPS000075
B071RTTXRK,CARJ002464
B00PJ8PNXW,NAADTO0090
B07212Q7NF,NAELI00003
B00PJ8Q1JC,NAADAS0185
B00PJ8PINC,NAADAC0060
B00PJ8PCP6,NAADTO0085
B071NNQTJ9,PHCBRE0064
B071NNQZLX,CADP000053
B0722R56V2,CAMA000034
B0722R5B5V,CAHD000787
B01M7PRWD4,CASTRJ0233
B0711DC7LL,CTIC002044
B00Z5ABHSO,DCGOL00004
B00GLQI4X2,CCMY000000
B076FHVNX5,CSCLR00017
B01C439DPI,DCMAF00008
B00S5NQ45Y,RAMS003917
B071HBPX4R,BGLPKL0043
B06WD4853H,NAICA00056
B079YXNBC1,CAICA00140
B075FYM19M,ENOC000091
B012FI11I4,FNDC001330
B071RTSTXL,CALN000046
B0722R4YVZ,CASP000171
B07195B575,CTIC002446
B071NNQHSR,NAADAP0031
B078NH7LZN,CAKID00024
B0727XL5VX,CARJ000705
B0727XL1DY,CARJ002543
B0716KYB1V,CAAC000059
B0711DC651,CAFW000019
B071RTTZSN,CAMA000096
B0713YYN5L,CASP000070
B0722R5J3R,NAADHP0028
B00PWWGY9W,CTLM001991
B073ZMVYKY,SPESC00005
B01G5QAVBK,CAMOE00003
B06Y6D3M45,SSADA00024
B01AO6RV9M,MEGSK00175
B079SW2GYZ,CAICA00113
B075G12SWG,PBOC000018
B07195B11B,CTIC005540
B00PJ8QFBQ,NAADDE0060
B072F41RCF,CAPS000189
B071YVRV33,CTIC003962
B07195B91G,CAVG000064
B00PBCGNKS,CTIC000656
B071959ZXZ,CARJ002623
B0716KYCB1,CAAU000091
B0727XKYPV,CAUC000493
B00DKSR7OQ,CSACCL0019
B071YVRT95,CTIC004836
B074VGQXNZ,OEICA00006
B071YVRS53,SAIC000030
B01MU9M84X,SAANO00006
B00581F43Y,CAJFUC0019
B079H7N61M,KMCOI00025
B00C3MPB16,CABEL00009
B00EAKXBCU,DCENI00025
B079SS9WZ5,CAICA00168
B004JN55JU,CAIO000080
B000075ALZ,CTCN000171
B0748NDLTZ,ENICA00009
B01E02OFUY,PHCBAD0046
B078NHYL21,CAKID00047
B073ZN6TK9,COKOP00001
B075FZ34Z6,HTLGE00001
B00GD5D1L6,RAMK005354
B0711DC4SH,CASP000121
B072BJDHJP,CAHT000019
B078NGTXPY,CAKID00007
B0727XKYP8,CADB000457
B071DWLDS4,CAHD000019
B071YVRV2J,CASP000109
B01M05HBNH,NABAS00001
B07B8SF3J7,BAAP000146
B01M9EWBYM,ENOC000448
B01N80V13Y,NTTPI00006
B072HJG6X1,BCICA00006
B00UU3II8S,DCBOW00043
B01F7M6LLC,ETFE000054
B009XLR3J8,MEGSK00404
B072BJD61K,CAHD000457
B073ZMFMXT,LTRC000046
B000JEACFK,PBBK000192
B074VG87KM,KMICA00034
B01M1FUIRT,NABAS00002
B071L2WSRJ,CAMA000059
B00PJ8P92C,NAADAP0040
B0722R4YVN,NAADAP0043
B071RTTN8R,CARJ000682
B00PBCAAY8,CTIC000126
B00PBC800Y,CTIC000864
B00Z5ABHAW,DCGOL00005
B071VFFGMN,NABALP1937
B0722R5GWC,CTIC005014
B072F41RBB,NAADAP0033
B071VFFMD1,CASP000124
B00PJ8QKRA,NAADHP0005
B00J7K7QNS,BCJAN00002
B01M5F7J3H,SEPAP00008
B071YTYVWS,TAVM000187
B0000AXHRU,BADRC00004
B078NGCJ5S,CAKID00037
B00IF15146,SWMS003392
B072BJBZZJ,CAICA00023
B072F3P4N7,CTIC002767
B072F3GBYL,CARJ002687
B01B78K7TM,ENOC000457
B072BX7KPY,HSEC000018
B075FY99B3,MEADA00008
B072JZQPC3,NAICA00078
B014M8ZO92,SPUE000233
B071HH57CD,TAVM000028
B06ZYJQMKN,ETICA00004
B01FEE9K8Y,DCOPE00001
B078NH6MNV,CAKID00040
B01LXVHRS3,NABAS00013
B072FK6V9M,NTTPI00017
B07B42347H,CAICA00098
B072F3V8CV,CTIC003686
B071YVRS57,CAMA000018
B072F3QHWT,CARG000015
B071YVRNNP,PHVM000519
B072F3VMBV,CAAU000018
B071YVQ5GK,CTIC005568
B078N6XF2W,CAKID00008
B00J4LADV2,CACT001857
B071VFFS4S,CAAU000121
B071RTTJMH,CTIC003490
B00PBC8DBA,CTIC001065
B01NH9Q0DS,HMFII00017
B074VD7Y7D,KMICA00043
B00WT8YS5E,DFAT000138
B072BZ7JTF,FMTGI00003
B0722R5B49,NAMAICA011
B0002GRUIC,CAST001447
B00R71YTHK,BCGOL00010
B071DWL7MN,CARJ001125
B017Q5VMVC,HDWD002945
B0728DBTJC,HMESC00001
B01LYYKP29,HMFII00033
B00D2P9V14,NASTDC0001
B004WL9Q1M,TVACTG0055
B00K8ZMT2Y,BACP000130
B0718SR694,NACAOR0028
B00WJ7T55I,BARAY00004
B071RTTXQK,CAMA000090
B0713YYG3Y,CTIC003221
B000234SSU,CACT000983
B015RA4GCK,DCMAF00002
B075VFP8SM,NAICA00170
B00003IEM7,BAEN000031
B071VFFXKN,PHVM000538
B00PJ8PDEG,NAADDE0045
B0711DC65H,CTIC003436
B0711DC66D,BGMILP0131
B0716KYCKQ,CAHD000207
B072BJDBJD,CARJ002712
B079SL7GMZ,CAICA00171
B00S5NQ3GE,RAMS003908
B00NMXCH9Y,NARII00002
B075Y3ZRMB,CAICA00173
B00309XWVW,DCBOW00027
B003S89UGG,CAACBL0037
B071HH4TDG,CAAU000100
B072F3T3Q8,CADP000056
B071VFFYJT,CARJ002641
B077JBN6F5,DCROO00006
B072F3Q7WD,TAVM000001
B078Z29JLX,BCKIG00002
B014CKVZRU,BGDCLW0493
B071YTZ5ZG,CAPS000129
B00OTSBALC,ENOC000224
B0725BTTRZ,ENICA00018
B0727XLCFW,LTICA00009
B071L2X2B3,CAUC000689
B072F3VMDB,CTIC002589
B0711RRX7T,MDRD000365
B001B8QUS6,CACT001704
B00PMCJ17Y,NEEDI00007
B018UV7BMU,PRCAN00038
B00W5XVJMI,HTJBL00004
B01LYIY0ZJ,NAICA00150
B00ACDFW3K,TVACTG0028
B06XWCZV32,HMHOU00018
B009NN3DFE,HSAS000037
B01NARZNP1,METGI00005
B071NNQKML,CAUC000166
B00BT2ND9S,CTBR001073
B00PJ8PZDK,NAADSO0020
B00E4LGVV8,HSPA000790
B074VGCC7L,LTRC000019
B071DWJSZV,PHVM000411
B0711DC88G,TVACRS0073
B071YVRXG8,CTIC001067
B0777KJ1S8,FMSAD00039
B072HPC2K3,LTICA00001
B01CNCC8DY,FMCRICA002
B01DL4J77I,NADOMS0019
B00003Q08G,BAEN000457
B00T53GTQC,DCACJB0162
B0716KYD98,NAADAS0251
B07195B61V,CAICA00012
B00PBCFWSC,CTIC000108
B00PBCGLCS,CTIC000664
B00003Q08I,BAEN000448
B000BYD6R4,MDHP000100
B00081A2KY,MDVE001269
B01M05HW7G,NABAS00027
B01AIZOEDU,RAMS003999
B075XZC95P,CAICA00143
B013S9WH1E,DCLOW00107
B01N7F2R4Q,HMJBL00007
B0722Q9KYF,CAHD001027
B001DE92SI,MDPH000205
B07212R8CM,NACCO00037
B000B8TJ1C,CTCN000572
B071NNQHRX,CAHD000661
B071VFFXXJ,CTIC003864
B01J2SD6N8,SPCRE00004
B071YVRSQF,CARJ000260
B00016W6Y6,CASTAU0019
B005WKJPBS,CAST003515
B013RNK3XK,SMKT003105
B01LWUQCED,DCCAN00004
B0716Y7T42,HSMSI00001
B07BDPGJSD,IOICA00030
B017GX8IQG,NAICA00037
B071NNQ1LM,CARJ002749
B0743DHWK3,HMFII00027
B00471HK0Q,MDVE001349
B075Y1LGP3,CAICA00097
B078NKG567,CAKID00034
B004G7V5O8,CAST003445
B073ZNGGW3,COKOP00002
B073ZMKRJ4,DCBADK0127
B071YVRVT4,CTIC004239
B00PBC84TQ,CTIC005283
B071DWLHJB,CAMA000105
B00PJ8PK1C,NAADSO0010
B072BJBG5S,CASP000026
B00XZ900LW,DCBOW00034
B06X3W5XT1,NAICA00040
B077Q9C7TK,NATUM00001
B01HQ4BZ7O,SEEZV00001
B00Z5ABRKC,DCGOL00003
B073ZN3RCJ,SPSS000279
B01N0L4UWT,ENICA00039
B01LZRFDUJ,COFRT00004
B077J9LFRZ,DCROO00005
B072F33FH4,CAFW000046
B071L2X5DJ,CASP000100
B00E4LGVU4,HSPA000805
B0711DC4SR,LTICA00012
B072BJDG8F,CASP000097
B071NNQZK6,NABALP1633
B0722R53FP,CACP000026
B00PJ8QLRO,NAADAS0155
B077THN1NT,KMICA00060
B01IVPZTII,SAANO00007
B00AAPC6BG,SADI001316
B06Y6BGZKF,SSADA00025
B071Z6DSHB,TOICA00091
B074VDV3BV,KMICA00032
B078Z317HW,KMICA00040
B0778VVW1Z,NAREI00001
B071YTT32F,CASA000083
B01LY2T5BZ,DCACFU0099
B01LXH8M0D,NAICA00034
B071VCJ44N,BAES000304
B0722QMVLC,PBFL000144
B0713YYP6V,CTIC003141
B0722R4YV7,NAICA00120
B0713YYP4W,CADV000079
B071NNQVC1,CAHD000186
B071HH517G,CAHD000255
B00PBC80BS,CTIC000117
B07611J4G5,SSHEW00010
B01LYRA233,HTKLI00004
B078Z1XJ9S,SPIHO00024
B079YYNZSK,CAICA00185
B078NFFX1M,CAKID00059
B0725BTZGD,CAUC000938
B073HN9T1B,COICA00018
B01GO0MPZC,FMSAD00007
B0727XL89S,CAAU000094
B071L2WSRX,CAAU000103
B072BJDCN4,CAFO000026
B071HH59WW,CAICA00014
B071L2XCY1,CARJ002446
B071L2X9VV,CTIC001240
B072F3VMDM,CAHD000527
B072F3V74H,CARJ002525
B0727XKX8J,CTIC003533
B071RTTZTX,CARJ000249
B00PJ8PA62,NAADAP0030
B0725BVG45,TVACRS0108
B071NNQQ3X,CAUC000965
B071NNQQ32,CARJ000708
B0725BV49M,CAUC000368
B0725BVG62,CAUC000331
B0727XKYQY,CARJ002473
B071RTTRNH,NAADAS0260
B0125OVZ4S,DVAS000265
B01GO0D3CG,FMSAD00036
B0015DYMVO,PBBK000144
B0716PZWRJ,PPICA00004
B07195B3XZ,CAPS000322
B07195B426,CAHD000509
B07195B6H3,TVACLT0116
B01M3OC88Q,FMGSK00006
B00INS8H60,HOARO00002
B01LX7FZ42,BGMILP0019
B075Y4LWD6,CAICA00108
B071HBPQ8R,BGLPKL0046
B071YVRKCW,CADB000475
B078NLPDGY,CAKID00050
B01C6XQEIK,RAMS004159
B00Z5ABI2O,DCGOL00006
B00B76IYIQ,CACT003132
B0711DC65D,CAFW000021
B073ZN1Q22,PHCBLB0019
B07195B7Q9,CTIC002455
B072F3HH89,CTIC002776
B071RTTJLZ,CAVG000207
B003TKJ446,BACP000219
B0727VNK4Q,BAES000297
B0719M6179,HMESC00005
B06Y4QTZLH,NAADA00005
B072B8M8KN,PPPHL00001
B00GV0LW6E,DCACJB0117
B0133ACE8O,HSSM000046
B06VVSB2M5,PHCBRM0288
B079ST8PMM,CAICA00125
B00PBCGJOS,CTIC000891
B072HPC2K6,CAHD000067
B071HH4TDS,CAHD000189
B071HH4TCX,CAICA00008
B072F33FJS,CAUC000956
B072BJDJXH,CTIC005559
B071NNQTL4,NAADDE0028
B072F3V73J,CARJ000231
B0778W47X5,HMESC00014
B00ACDE6FU,SADI001700
B00MYRWV1S,CACT001287
B00W5YE820,HTJBL00003
B002IV9CKI,RAMS001205
B079YSYYZG,CAICA00138
B073YS6G7L,HDADA00010
B0799TMWZ3,MTACE00045
B0057R4F34,DCBOW00025
B0002YE3PC,MDPH000210
B072F35NF9,CTIC002295
B071DK2GTW,NACAOR0010
B071NNQBN3,CAVG000322
B00PBCG2ZY,CTIC001082
B072F3S82C,CAVG000055
B071DWLK36,CAVG000189
B00VYEI1KC,FNFD000199
B071HH56J4,PHCMGE0046
B071NNQF7H,ACAT000073
B0711DC5GG,CAHD000059
B071YVRY4C,CARJ001143
B071VFFXJV,CASP000115
B071HH574H,CAUC000028
B071NNR29K,CTIC003757
B077N41SGL,MTACE00042
B078HH72DJ,PPICA00003
B01M3SYFL4,PPAPC00009
B01AVIXVBK,BAEN000619
B079T4ZL9R,CAICA00207
B01LXJRLZ1,NABAS00028
B07623CDM1,SWIO000028
B01MSWJ6UH,NAICA00051
B078NHMZ8S,CAKID00004
B071NN6BC2,CAMA000067
B01M1UQQT5,HDSEA00046
B07195B57B,PHCBRM0108
B071RTTJSJ,CAAC000368
B071VFFMDP,CAHD000126
B00PBC98JQ,CTIC001318
B071L2X3ZK,CAUC000045
B0725SKRXB,SPES000046
B0006SDBAW,BAPA000010
B00T3ER7QO,DCCN002598
B078NG6YCG,CAKID00019
B073WH9L9B,HMHOU00042
B01LYUKK9U,NABAS00009
B01LZ3RZ9C,NAICA00033
B0727XKX8B,CTIC003329
B071NNQPC7,PHCHGE0037
B071L2XCWV,CARJ001385
B071R6VX9Q,HMPAS00010
B071VFFVTH,PBIC000060
B00JJVGTZ6,CAMO000457
B00PBC7Q40,CTIC000182
B072F41HN7,CTIC002632
B0711DC4TJ,CTIC004676
B01MTEHSNX,DTHEW00073
B0725G4YFB,HSICA00001
B00HVQOWZK,SPPSC00001
B01HCXN9OQ,NACODC0037
B00TXBOWRY,SPUE000288
B079YVTNBD,CAICA00183
B075XRKF9F,CAMW000033
B073BJPRXS,NAICA00179
B000KZ7YDG,BGLWDC1321
B01DB758X2,PCIHO00002
B071HH5BLV,CARJ002534
B071HH4YQ7,CAVG000018
B07195B3XQ,CTIC002794
B071NN39PR,CTIC005452
B072F3P4NG,MAKL000028
B072BJDBKN,CAAC000078
B071HH4ZSF,CADP000162
B071DWLDSW,CAHT000007
B07195B6P4,KMICA00016
B07171NZCB,SPES000055
B01LWA8FRY,FMKIT00005
B00H93M53Q,NTEG000466
B01MZZWYLQ,HMJBL00011
B013S8YR18,BGDCMF0402
B075RNWR37,CAICA00290
B008OII4TY,BAEN000074
B075Y4JX7X,CAICA00214
B019123E96,DSDD000162
B00LVQZJGM,CTIC005087
B071RTTX5Y,CAFW000020
B079SMWSDC,CAICA00127
B071VFFLZG,INBCICA006
B071NNR1SG,CAHD000493
B078NKXR62,CAKID00045
B00PVDJNJU,DSDL000313
B0094D2AP2,MDRD000350
B0724Z877F,ENOC000340
B0777KGT37,SSHEW00011
B00GK8SYCW,CASTSA0082
B00X9LDWA2,FNDC001367
B075R9X8BR,SSADA00031
B0713YYLH5,CAUP000019
B075VFF5VP,HOICA00018
B079T5NB2H,CAICA00122
B074VCY2S3,KMICA00031
B00A8XPCZM,ENOC000037
B00F3MDJVW,GDGT000020
B01NCSN4BT,PHRE000082
B00PJ8PDXC,NAADSS0020
B071L2X9T6,CARJ002669
B071YVRY4X,CTIC002525
B071VFFJT7,CARJ002678
B009YCASUW,CAST002268
B00ZIFMATG,CTCN002393
B00EFDG8TA,MDRD000390
B074JH6W4R,NAKOP00011
B071HY2T4C,SPESC00002
B071Z45QB4,KMICA00009
B06Y45QQR3,NAADA00006
B003U2WYMC,MDVE001303
B079YXBSMJ,CAICA00180
B071VFFYJZ,CAVG000073
B073ZMTFVL,COKOP00003
B00PBFX87G,CTIC000746
B079YVMTFZ,CAICA00179
B078NFG9HY,CAKID00011
B077V6HGWK,KMRII00002
B004KM0C0W,CAST000405
B06VT2NQD8,DCCAN00007
B00ACDE1GE,SADI001720
B075B8Y63P,TODJI00003
B01LM812WI,IOBT000126
B0713YYP25,CAMB000004
B071YVRVSB,CAHD000830
B072F3TYT2,CAHD000821
B078NH7FRK,CAKID00055
B072HP4KHG,CARJ000679
B0722R5HP3,CARJ001900
B071YVRS5M,CTIC001246
B078NHCHZ1,CAKID00025
B078NKS52X,CAKID00014
B072HNMSBT,CAKS000016
B00PJ8Q386,NAADDE0070
B079SZHCY4,CAICA00160
B078NH1YQD,CAKID00066
B075XSBSYF,CTIC005069
B071VFFGNN,CAFW000059
B00GXX6OVW,HSIC000060
B074VG8FC2,LTRC000028
B075RJBVHY,MTAS000353
B075VF7XTB,SELOO00001
B0077ZB1CC,CAJFUC0046
B00PBCG52E,CTIC000655
B01MZF5R7R,NAADA00017
B016YYFZS2,HTAUH00004
B001BNQPOA,MDRD000370
B071WMQ658,NACCO00005
B071WXK4GK,SSHEW00005
B00BC1DAHG,TVACRS0126
B0044C68G0,BAEN000664
B00DBE05S4,MDRD000297
B0724ZB6PQ,NACAOR0001
B01M1RIW4R,NAORI00001
B01N7WX4VD,NAADA00018
B01LXM94AR,NAICA00026
B078N6XBDQ,CAKID00020
B071HH4XP1,CTIC005648
B071DWLG2M,CAHD000625
B071RTTR4D,CARJ000228
B00C5QWU00,HMMOE00004
B072HPC2LF,NAADAS0242
B071YTT324,CAKS000025
B00KX3DKVA,BAPAS00002
B071958GSZ,CAKS000034
B071YS65SD,BAES000135
B00P2KHKD8,CACGC00015
B071YVRXHF,CARJ002286
B00PBC8E9G,CTIC001326
B0727XL42B,ETIC000117
B0722R5HCX,KMMPICA003
B071NNQPBJ,CADP000153
B071VFFSF3,CAICA00007
B072BJD9Q7,CAICA00031
B0711DC7WQ,CAHD000420
B071L2X7L1,CARG000046
B00PBC8QP8,CTIC000955
B071YTZ5Z3,PHCBRM0144
B071HH5BKV,CAUC000313
B072HPF667,CASA000059
B01I4LVZU0,NABEK00008
B01LM9U7ZA,TVACLT0055
B07573JNTD,HMESC00003
B079SLCVHF,CAICA00209
B071L2VKH7,CTIC003089
B06WP2GZY7,DCCAN00008
B00029U1DK,MDVE000304
B075VFGHJB,NAICA00169
B078NG5PR6,CAKID00001
B00PJ9GBZ0,NAADAC0070
B071JPS8LP,PHCHLB0019
B075Y3N6TS,CAICA00142
B071L2WV8P,KMICA00001
B000Q8621C,CABKHD0085
B07195B6JB,MAKL000019
B072F3WH72,CAHD001036
B0722R5B5J,CTIC002534
B072HPF65W,CTIC005023
B071RTTQLL,CTIC005032
B079B3P6P9,SPTOI00001
B01CQ08ON6,SMKT003374
B076GMKLF7,HSCOU00004
B00NSBCBW8,DCMAF00003
B071R4STH5,ETICA00005
B002YE4LD2,BAEN000282
B075VFDG7Z,HOICA00017
B075FYK9H1,BCICA00011
B000O7GZJ4,CACT000590
B071YVRRCS,CADP000038
B078NG3PMC,CAKID00051
B071HH4SCW,CARJ000126
B01CEB0IM2,MEGSK00174
B072QDXC39,NACCO00008
B071WMPZKH,NACCO00011
B0711DC7KX,CAFW000048
B072HP1RGG,CAHD000249
B0722R55TF,CARJ000670
B07195BG71,CTIC002026
B071DWLJZ7,CTIC003720
B0725BTTTS,KMMPICA002
B0716KYC8S,CAICA00001
B078NG71XQ,CAKID00010
B072BJD8P5,NAADLE0180
B079SY8M8T,CAICA00121
B078NHF617,CAKID00023
B073ZLVL58,DCACEL0019
B075VFCV8C,NAICA00166
B077723CN3,SSHEW00012
B0141FNR7C,UPCP000359
B071L2VKHF,CAFW000047
B075LFPGV3,HDADA00014
B01DBNJ7W4,KMCRE00003
B00ACDFBNQ,TVACTG0224
B078N6X31F,CAKID00015
B0711DC3WW,NAADMS0037
B0722QCZ47,PEWEDW0064
B00R71X6BK,BCGOL00013
B071NNQX89,CAAC000094
B00PJ8PNI2,NAADSS0025
B0725BV4D1,CARJ001893
B0725BV9LT,CTIC003310
B00OZTLROA,DCBOW00042
B00TYN3HD6,FNFD000153
B00PJ8QPHU,NAADAS0088
B0711DC7LM,CAAC000037
B0727XLD94,CTIC002062
B00W505M6U,CACASTR006
B00Y1EFBDM,SPKP000340
B06ZYK1KBD,ETICA00008
B00L8B6WIE,MDRD000400
B0711N4YWW,KMICA00010
B0721BRKVB,TOICA00082
B007BL0PPQ,PHBALP0008
B075Y5KGBZ,CAICA00111
B071YTZZ7Q,CTIC000135
B00CK8YL3C,DCENI00013
B072HNYDZD,CTIC004934
B072HNMSCZ,NACODC0090
B072HP7Y4S,CAHD000120
B06WGQVCYK,METGI00007
B019Y45LZQ,CAMOE00001
B01LYHGXDY,DCVAU00012
B072NZBNRR,PBFL000082
B075Y49G79,CAICA00112
B075XZW53B,CAICA00174
B07BDPNFYY,CLKOO00001
B072F41VVD,CTIC001296
B071L2XBZ4,CTIC004854
B00Z5ABIBA,DCGOL00001
B00PJ8Q5JI,NAADDE0010
B073ZNFS2D,SPSS000242
B0722R5H7C,CALN000028
B0711DC5GD,CAHD000475
B071HH4XPG,CAHD000956
B071L2XCX8,CTIC004765
B005CJK5Q8,NTDL001260
B01700RNIO,HMHOU00035
B01MQSWD9G,HMJBL00012
B06XDFGKYM,COICA00008
B077QJ1HVT,FMADA00013
B072LP3Q36,MTLGE00028
B079YWVKMZ,CAICA00100
B073ZN6Y38,DCLES00001
B000BYGGBM,MDHP000406
B000BWYL52,MDRD000288
B075Y4QJHF,CAICA00109
B079T5N5NG,CAICA00130
B074VF4HFQ,LTRC000037
B071VDP3XG,NAICA00029
B071NNR28T,CAICA00022
B071YVRWC2,CTIC002071
B0716KXSW3,CTIC002204
B071DWLGW5,PEKBAH0019
B0711DC66R,CAHD000117
B078N6X35J,CAKID00017
B072F3Z1X6,CAMA000102
B00GJ40R9A,CAST003481
B01AIZUYUW,RAMS003980
B00OCSGFSC,DCBOW00015
B073WN2BSS,TOICA00114
B071G3V6S4,PHCAIN0001
B07B43NNM1,CAICA00135
B075Y1QBYK,CAICA00172
B00861DZH0,ENOC000411
B0046TIH24,PHCHBK0108
B00HZ1AXG8,SMSD002589
B01LWNVDRQ,LPLEN00047
B01MSYQWNY,SPJBL00028
B075VFBB3B,NAICA00167
B017UC3UFC,RAMS004346
B0722R5HC8,CAUC000705
B071DWLDFG,CTIC001066
B071HH583K,CTIC001713
B01MXEILLU,TVACLT0232
B01JBZRLRO,DSVN005018
B004L54N1M,DVAS000280
B01LCE7UO6,PBOC000024
B00E77337E,CAMOHD0279
B016ZJMKYI,CTBR002589
B0713S22YN,SEACADH001
B00HCMZ5KE,HMSAD00001
B0716KYDJT,CAHD000201
B071L2XDS2,CTIC004694
B0716KYDHQ,CADP000171
B072BJDBLH,ENIC000064
B0725BV4C5,PPSSICA001
B01N07NA5X,ENICA00044
B06ZZZ1785,ETICA00006
B072F421RJ,CAAC000082
B072BJDHKB,CAHT000004
B071YVMRM9,CARG000026
B075RH6G3Z,ENOC000117
B01E02CEGG,PHCBAD0037
B072K1532D,NAICA00076
B06WWL4JD8,DCFUF00009
B014CCBSU2,DCOPE00006
B078Z2MX2S,KMICA00037
B071KCGSX9,TOICA00098
B075XZFF1D,CAICA00110
B079SMZWTB,CAICA00162
B016O5H3HM,HMSLR00005
B06XJRDLXH,LPDEL00063
B0722R5DVG,CARJ002561
B00IUL81N4,DCACLP0082
B01MR4Y3JE,MEGSK00421
B071L2X2B1,CAHD000260
B071L2X29W,CARJ002277
B078NGRVCW,KMCOU00039
B072HP7Y4N,CARJ000667
B079SRNF89,DCACOT0028
B078NG6RGR,CAKID00043
B0727XL41H,CTIC005005
B075MCQ4MJ,DCFUF00064
B0725BVD65,CAHD000536
B01N0A7PH5,HTKLI00007
B00BF8TZZM,MEGSK00131
B017UQMBJO,SMSD002415
B01N29O9I0,ACAPC00006
B0018D41Q2,CACT000660
B00N1QL518,CACT001606
B017GX7AJ2,ENOC000331
B000Q7WL5O,BADRC00012
B072F3Z2NM,CADP000048
B071NNQP91,CAPS000304
B071DWLJ98,CAICA00057
B072F3QHX2,CARJ002455
B071L2X9L3,CAUC000974
B0727XL89D,CTIC003855
B00PJ8QHOG,NAADIC0028
B01N2RRSV5,SEVON00027
B003LWP0OU,BAMH000064
B01EM5YOBE,IOOC000046
B075RQWLZ2,SSHEW00008
B078NFZZ8T,CAKID00002
B075Y5RRVV,CAICA00141
B079SS8G51,CAICA00128
B071DWL1V1,CAUC000439
B071VDTX12,PHVM000015
B0713YYNJV,CAMA000108
B00PBC83O2,CTIC005292
B00PBC83O2,CTIC005292
B0711DC5FK,CAVG000216
B004S1GD9O,CAST003454
B00K8ZMVZ4,PBCP000046
B00XQF8XQE,BADRC00008
B071RTTY1K,CARJ000664
B06XVWG56N,HMHOU00032
B077J6MG7F,DCROO00009
B01IW7Z66U,MEGSK00147
B019735W94,SMSD002409
B00B6YRG4C,DCACFU0092
B078NH7FBD,MEADA00014
B0713YYG42,CARJ002721
B01N094LPG,HTKLI00005
B073ZMYMGG,DCICA00002
B0713YYG9Y,CAUC000046
B071RTTXRF,TVACRS0055
B0722R5KX1,CADP000028
B014M8ZVDG,SPUE000242
B078JFGBHD,HSSTS00014
B01NBTM0BL,NAORC00003
B06XYQ5YG1,SHXAM00002
B074ZNZ3T1,METGI00024
B071YLXZCG,PBFL000019
B0093DN64M,WCMS000340
B079YVJC4H,CAICA00184
B0716KXTPQ,CARG000037
B071VFFT9D,CADB000377
B0722R4Z6X,CARC000064
B00PBCG7EA,CTIC000682
B071NNQF7N,LTICA00010
B072BJDJWL,CAMA000093
B00PBC8T00,CTIC000291
B00KX3DBSM,BAPA000018
B00PBCAVSI,CTIC000700
B01DTO9C1Q,MTLG001866
B071S3S86X,PEEL000180
B00JJVGUQY,CAMO000448
B0167N27G8,DSVN000562
B0032KZOVK,MDVE001250
B072F41VV7,CAAU000112
B074PY7G4K,SELGI00003
B01N7FFAMU,DCLOW00111
B073ZM3963,HMESC00004
B071YVRSD6,CADP000043
B071RTTKQS,CAPS000089
B0711DC393,CASA000109
B071HH4XNW,TAVM000153
B00WJ7TDLY,BARAY00003
B072BJD9QV,CAAC000097
B071HH4TRM,CAAU000127
B071YVRV1Z,CAVG000288
B00PJ8PQYS,NAADDE0050
B078Z2MYKC,CACLU00003
B00PBC8T00,CTIC000291
B01BIJW5MC,HMALU00001
B00GXFE5MK,PELO004091
B008SBOH4I,FMTGI00005
B00SYG9T8Q,HMWKD00027
B004GIRA0K,RAMM000625
B076PK9LCV,KMCOU00038
B072BJD9R9,SAIC000015
B071L2X9JG,CAICA00038
B078N6X89B,CAKID00041
B071YVRWCS,CTIC004042
B0084DFKOG,BACP000129
B072HNSK2N,CADB000439
B0727XLCGZ,CAHD000192
B072HPCGXX,CARG000012
B071L2XCGT,CTIC003800
B0727XL84Y,IOOC000135
B0716KXTRV,TVACLT0091
B01N6T96TT,SWMCA00007
B017WECPMM,CSDC000064
B076QKN7KP,NABEK00006
B017C44ZHK,CMBADJ0019
B01M5B793S,HTKLI00006
B01LZRBSFE,NAICA00028
B071HF95FL,BAES000117
B0041LX7AO,DCBOW00021
B074VGC37X,KMICA00035
B076CS5SYJ,MBMSI00085
B079T6F5B3,CAICA00104
B0721CM1VR,SSHEW00001
B071JZG71L,SSHEW00002
B071VDSQVS,CAHT000082
B00KX3DQ50,BAPA000108
B00K8ZMTFQ,BACP000140
B00PBCGR8G,CTIC000619
B071RTTSVK,CAGN000026
B072HNMS9Q,CAPS000198
B071RTTSDX,ENICA00019
B007CD09L8,BADRC00010
B01MF7XY9F,HSEC000037
B071NJFVPZ,CNFC000025
B01N3KH8I4,MTACE00043
B072QDMSZD,PHCALB0046
B071YVR5DG,CTIC001884
B077JBPVNF,DCROO00007
B079SWJSVF,CAICA00131
B073ZMQ8RH,DCOPE00007
B075RH3RVM,MTAS000480
B004K2YBQI,CAACBL0052
B071HH4YQ9,TVACRS0091
B072HPC2JY,CAVG000162
B00EAKWZVS,DCENI00039
B0725B52Z4,LTICA00005
B00PJ8Q2Q4,NAADIC0019
B072J4Z4WJ,SELOT00003
B01M0H6P4S,NABAS00029
B00GU4F4OM,KMICA00050
B076Q59DNN,MEKIT00083
B074VFC4MR,OEICA00005
B0019PALW2,CAST000025
B071G3V9SM,BADD000249
B00HIX0SRC,HMXPR00004
B06WD76LHL,MTAOC00018
B0716KYC94,CARJ002758
B078NGTWRB,CAKID00058
B071NNQTKF,CADB000055
B076PQ9VBN,GAMEG00002
B003XTCG70,MDVE000055
B011D78SWK,PEVB000046
B079SQYWV4,CLNOK00004
B016JA3QS2,HSCR000518
B06WLMCBT4,METGI00022
B071NNR1T8,PHVM000034
B071NNQPK6,CAVG000260
B0722R5GVV,CASP000103
B072BJBG4S,PHRE000028
B072F421RK,TVACRS0117
B0725BVBY4,CTIC001286
B0727XKYNP,CASP000086
B071L2WRVR,PHVM000500
B071HH574V,CADP000018
B0725BV5ZQ,PEWEDW0083
B071RTTSFQ,LTICA00002
B00PJ8PVFM,NAADHP0035
B00PJ8QO6C,NAADIC0005
B0070YSR18,CASTR00031
B00092ZY14,BADRC00013
B071YS65WH,BAES000073
B078NJ3WWJ,CAKID00009
B071RTTKQW,CAPS000098
B072HP4KH9,CTIC004051
B0725BV1H4,INHCICA001
B078NJS4V6,KMCOU00040
B078NGRHS4,CAKID00056
B00PJ8PRQK,NAADLE0085
B071DWLFXT,CAHD000028
B071RTTY6S,CARJ002632
B00PBC7VIQ,CTIC000064
B00PBC8U6I,CTIC000019
B00R71YSMQ,BCGOL00015
B01N0L1LP6,NAADA00004
B01FI7PEH8,NAJCR00003
B01J91A1JU,CTCN001401
B01N1MYPNF,HMJBL00006
B07212Z9QS,PHCALB0377
B00ATZJ606,PPBEL00001
B013SJZVIU,DCMAF00007
B0724ZBD6Y,NACAOR0019
B0084DFKIW,PBCP000037
B002FTHLCY,BAEN000020
B073ZN5R49,LTRC000073
B07195B3XB,PHCBRM0126
B0018V8ZBG,IOBT000206
B0725B52ZH,CAAP000019
B076FGRRR9,MTASU00031
B000ZKSQQ0,CACT001795
B00PBC8V94,CTIC000819
B071YVRXH2,LTICA00003
B072F3Z1W1,INBRICA001
B0713YYMQ8,CAAC000377
B078NGRVCV,CAKID00065
B0713X3P3H,BAES000162
B076J136RY,HMMEE00017
B00O87WJCI,HSSO001455
B01ARHEY3O,RAMS004097
B0764HPJYR,BAES000260
B00LBYPDKG,BCGOL00003
B00N6SHAJC,HMSOM00005
B01MTARH86,NAICA00185
B075LCMN23,HDADA00015
B0727XKVDY,CAAU000124
B0725BTTSW,PHCBGE0046
B0711DC4TN,MAKL000046
B00PJ8PUBW,NAADLE0075
B0727XL416,CTIC002197
B0722R5B61,CABT000082
B0722R5H9R,CARJ002614
B0727XKVD4,CARJ000219
B073ZMVTS6,DCACLP0055
B071JZFW4K,SSHEW00003
B006OOPR86,WCCR000139
B071VDSQVM,NAICA00032
B000BPCW0A,BAEN000075
B071NN3CLV,CARC000055
B01N6PW8OY,DCNIO00010
B0711DC24J,CADV000026
B07215VWC9,NAICA00079
B071RTT5FC,CTIC004989
B077J6M99R,NABEK00007
B071RTTMXJ,CADP000015
B0713YQNC9,CAGN000046
B0727XLGNQ,CASP000144
B071L2XC4F,CTIC002115
B072F3QZCH,CAUC000484
B0711DC7XR,CAVG000171
B072HP1VGB,CTIC002035
B072BJBZZ5,CTIC003150
B079T5J8HC,CAICA00126
B01N4ASEMY,HMJBL00002
B00P9WBWX8,CTIC000600
B00NLFU3IU,NAICA00165
B06XP2V15G,PRBRH00014
B005WUSAQO,FNIW000037
B01NA053NO,HOTHL00003
B06VWF7BZR,METGI00011
B0778X4ML2,VDICA00017
B07B42BDH8,CAICA00178
B00USBEMJG,HDAD000563
B072QDXC38,NACCO00003
B0799XWKK1,NACCO00010
B078Z2HLYR,PBOC000028
B009K6O80I,WCHEW00001
B000EFMJ0K,BADRC00014
B078NKM1MG,CAKID00062
B00PJ8PT04,NAADLE0080
B071HH4ZRQ,CAAU000144
B0002J24O4,CACT000405
B071L2XC16,CAHD000195
B078NGRHSB,CAKID00033
B00PJ8PXZK,NAADAS0200
B072BJBZZ9,TAVM000009
B071RTTXJ6,TAVM000196
B0713YYP5C,TVACRS0082
B077XNL63Q,SSMUH00018
B0746PY5W7,KMEBU00017
B075RJBVJ5,MTAS001125
B078NH116C,CAKID00057
B071P4DJKQ,ETIH000037
B078Z1XHX6,KMICA00042
B071L2XBK7,CAHD000198
B072F3T3QC,CAHD000947
B00PJ8QAZ2,NAADSO0005
B01AIZPWVI,RAMS004024
B071L2X9VB,CADP000144
B071L2WSRH,CADP000032
B072F3TYSZ,CASP000106
B00PBC84TG,CTIC000128
B07195BG12,CTIC002696
B00PBCG8GW,CTIC000737
B00FCBDPI6,MDVE001410
B01LWN52DG,NAICA00025
B01FS96I3U,IOOC000037
B00E65N39K,CAST000100
B077Z6DSXT,PSTHL00018
B072F3QHVY,CAICA00046
B079YW3M7Q,CAICA00132
B079YW22JR,CAICA00166
B079SY4PDP,CAICA00202
B075LDQX1F,HDADA00013
B00ACDFL5O,SADI001483
B00AC8NK8Y,CAST001553
B074RLWVHB,HAWEM00002
B073WGT6FS,HMHOU00043
B073BM2C6F,NAICA00181
B072HP7Y4Y,CADP000060
B079SMWSDB,CAICA00124
B0748NL54J,HMESC00006
B00PJ8PPEO,NAADHP0050
B00PJ8P8XC,NAADIB0010
B072F3WH79,CAHT000073
B0711DC66P,CAICA00011
B0725BV9MY,CAMA000111
B071RTTN8X,CTIC005443
B071VFFVSS,MAKL000005
B0722R56TK,CARJ000100
B00PBC85VS,CTIC000782
B071RTTR4R,CTIC003926
B0722R5K55,NAADHP0046
B072BJDG94,PEWEDW0108
B071L2XDR9,CAHT000016
B00PBCGTVG,CTIC000137
B0727XL2DT,CTIC003775
B079T864PP,CAICA00206
B00HZ1EAAS,FMSAD00003
B0767XLTJ8,HMMEE00018
B078NJVMMC,MEADA00013
B00094OX2S,BAAP000028
B079YXP4H3,CAICA00139
B075Y4STMS,CAICA00212
B071RTJX9D,CASP000112
B0010HE7B0,DCACLP0046
B074ZJ3QR8,NAADA00021
B079YWRT7X,CAICA00133
B071YVRRBQ,CAUC001116
B00PBCGPXS,CTIC000119
B072BJDHJ4,CTIC001811
B00PJ8QA20,NAADAC0075
B00PJ8Q40I,NAADDE0055
B071JSPS8S,PHCBRM0082
B071L2XCWT,CAHD000518
B071RTTKQG,CAUC000126
B0716KYBTW,CAUC000885
B071VFFXKM,CTIC004104
B0722R58X9,KMICA00018
B071RTTN7F,PBOC000025
B071HH4YQC,CAUC000894
B00RVNFYCS,SMKT003034
B0722R5BGF,CTIC004961
B078NG9PBF,CAKID00064
B00GXTZYD0,DCACJB0126
B0045FQAXW,DSVN000154
B000J1H4VI,CACT000051
B071RTTYLP,CTIC004578
B00CO99F9M,BAEN000600
B0713Q6F27,PBFL000135
B072K6RNL6,SSHEW00006
B01HFR9TPC,MEGSK00403
B071VDMZF7,NAADHP0037
B01MYOYC9U,PPCYP00005
B06XC2892V,NASCO00001
B0088NBGKY,CACASTR002
B00003IEM9,BAEN000028
B071YVR22M,CARC000046
B078NGR1WM,KMICA00061
B000138VGG,CACT002017
B078N6X9YB,CAKID00042
B071L2XC4H,CACP000018
B0716KYDJL,CTIC005602
B072F3V1F7,CASA000067
B0161UVCZO,SMSD002421
B0013NFZC6,CACT000665
B071DWLGTN,CADV000126
B00E6EBUQY,CAST002874
B079STGK3C,CAICA00107
B072F3QHW1,PBFL000091
B072F33FJX,CAAC000091
B0722R5H75,CAICA00010
B078Z1D71B,KMICA00039
B071DWJSZS,CTIC003677
B0722R5DSV,ENICA00008
B072F41HMM,CAMA000099
B0713YYLGZ,CADP000045
B00IWFP89S,FMSAD00002
B071RTTZCY,CTIC003445
B071DWLK3C,KMMPICA005
B0722GVWGS,VDMPICA001
B077V6HGSY,KMRII00003
B07195BDKL,NAICA00031
B072HNXW5J,CAHD000112
B071RKTXX3,PBFL000073
B013BWBG1K,MEGSK00160
B06WGQVG91,METGI00008
B06WVD92DK,CSICA00009
B075FYZKDR,NAADA00022
B00AIFHW9O,CAJFUC0082
B0727XLD9N,HSICA00010
B072HP7Y51,CAHD000965
B078N6X5MM,CAKID00038
B071DWL978,CARJ001134
B071DWL97F,TAVM000021
B071YTYG7W,CADP000034
B00PBC7UGO,CTIC000673
B00AZ0Q6US,MDFU000082
B00JZHIBBE,NAICA00039
B071RTTY23,CTIC001282
B0711DBLCP,CTIC004952
B072F3HH8S,CARJ002507
B0713YYNKK,CARJ002482
B071RTTQPS,CAUC000026
B0713YYNJ3,CTIC001740
B071YVRSFD,CAPS000126
B0727XL3WC,CAVG000091
B071DWLDGX,CCRT000001
B071HH56CX,INHPICA003
B00H2C9HGW,CAMOHD0288
B01B3T4C32,MEGSK00241
B072QFL1G2,NACCO00015
B00KX3D59C,BAPA000126
B00KKXASKE,CTES003640
B00LMDYM6W,SPKP000260
B071DR6DXW,CNFC000010
B008YQADAO,MDHP000110
B072BJDJX3,CTIC005657
B078Z25RJD,HTSAS00013
B075Y1ZBGX,CAICA00163
B072F3YW1L,CAPS000331
B071NNQX88,CAHD000796
B078NH7JXK,CAKID00046
B071L2X72L,CASP000118
B074ZKXQFC,METGI00023
B000HC8Q70,MDRD000242
B01MTX8TA6,NAADA00009
B01N5320EN,NTASU00003
B0012E1ZYI,RAMS000279
B00NFSVFO4,BGLPTG7018
B079YXXL7Z,CAICA00176
B0725G3YDP,DCBADK0281
B004A6MLYI,BAPH000037
B079T6JVL5,CAICA00170
B007XZUKSM,BAEN000037
B01DZ971VI,HMWKD00001
B072XQ7CXL,HSSO000188
B0716YYB2D,KMADE00012
B01M0SYL7D,NABAS00011
B06XQD4SGJ,NASCO00004
B071RTSTXC,CTIC004916
B008YO8INK,FMTGI00002
B006HTI5PA,HTQST00004
B079YVHFDB,CAICA00134
B072HP6MBG,CAHD000258
B078NL2FPT,CAKID00021
B071DWLHPY,CAUC000162
B071HH56GQ,CAHD000037
B00JJVGUUK,CAMO000439
B071YVRS3L,CARJ002605
B0017K6BD2,CAST000360
B072HNXW6F,KMICA00026
B071HH584L,TVACRS0135
B078NH7K64,CAKID00036
B071DWLK7X,IOICA00009
B00I6CVPTY,BAPA000199
B01NAIV5N8,SPJBL00031
B071G6Q3GH,PHCBRM0037
B077G8VT8X,SSMUH00015
B071VSS971,CSINW00002
B0725KN49W,KMICA00014
B0778WQNNG,NAREI00002
B078NKLHP8,CAKID00013
B079SMV5XX,CAICA00123
B079SL999N,CAICA00261
B078NKW5MP,CAKID00063
B078Z2DR46,PHSPLB0144
B078NJ3N5W,CAKID00003
B0716KXYGS,CARJ002598
B07195BF5K,CTIC001946
B0000511GQ,HSCA000206
B071HH517N,NAADDE0018
B071JSPSJG,PHCABL0019
B0722R58XR,CAAU000162
B0727XL84T,CTIC003392
B071RTTQM3,CTIC004319
B071L2WSRT,CALN000037
B071959ZYJ,CTIC001919
B071RTTSGN,NABALP3300
B0716KYCN1,CTIC001226
B00NTQIIAQ,SPED010259
B000MDJU06,CACT000620
B00OZTLXE4,DCBOW00033
B019YMVDB4,SPED010213
B078NJ9RWG,CAKID00031
B000FBK3QK,UPCP000073
B071YTZKN7,CAAC000042
B075Y5WZHW,CAICA00096
B005BZNEH0,CAST001964
B004SP0WAQ,CASTAU0037
B071RTTX6S,CAAU000088
B071L2X9SW,CARJ002570
B00BUKO73A,CAST001303
B072F41RT8,CAAS000019
B003WV5DJC,CAST000425
B07195BCPB,CAVG000119
B00SYG9TKO,HMWKD00026
B0727XLCH7,CAICA00018
B071L2X2BB,CARJ000676
B072F3S829,CARJ002650
B0722R5H71,CAUC000714
B0058DOWH6,CAST002981
B01BVX7UZM,DCBOW00016
B06X1B8MXS,METGI00010
B0082GOQPO,NACABD0011
B071VFDG29,CAICA00009
B00NVVSSYU,IOVAT00005
B073WYY2FB,SEQSE00001
B073ZN8SPG,SPESC00003
B0713X3HCC,BAES000288
B075Y2Y1H5,CAICA00182
B072BJDJWN,CAHD000252
B0725BVD6P,CAPS000288
B0713YQNCS,CARJ002491
B071RTTSGD,CASP000018
B072F413FM,CTIC003506
B072F421QP,CAVG000135
B071L2X2BB,CARJ000676
B01M7R9XY2,DCFUF00037
B00M4NRP6I,DSVN001421
B01M0OO2IT,HTKLI00001
B06XL12H82,NAICA00180
B00U7ZQDZE,BADRC00011
B00BSQZEJM,PSACCO0028
B005G3WVLW,CAJFUC0037
B074VD5BJT,HTANA00001
B00MYS222A,CACT002188
B079T6JP3D,CAICA00169
B071L2WSR8,CTIC002552
B072HP1R5N,CAICA00030
B071NNQZKY,KMICA00004
B071HH5DS4,MAKL000037
B00R71X0CA,BCGOL00014
B0725BV9NN,CADV000144
B071DWL837,CAHD000204
B00G9269NK,DCACFU0057
B01N0ZSMD2,NAICA00186
B01M1HDQYB,NAICA00177
B007Y91B80,CASTSA0064
B078Z298FB,KMICA00038
B00IEYHMSC,ETSO000242
B07623SKVK,PBEL000025
B075Y4TFZB,VDMYG00002
B078NKXR5W,CAKID00067
B0711DC7Y8,NABALP3220
B07198JWB3,DCBADK0085
B06ZYQ5G41,HTLGE00003
B07BDPXVMF,PSCLR00003
B01LQUY3PU,TVACLT0180
B00GCG5VRI,DSVN000179
B00E0718M8,NATATIA001
B06VVJ4D1C,PHCBRM0199
B01CTY6VBQ,SAANO00001
B01E02ISRA,PHCBAD0064
B06XH2QR2Z,SPULM00005
B0713YYMPK,CADP000091
B071L2X73L,PEWEDW0073
B0716KYDJP,KMMPICA004
B071HH59DQ,LTICA00011
B071YVRCMR,MAKL000010
B072F33RZS,CTIC003463
B071VDLXDR,CAAU000062
B071YVLFBF,CAICA00006
B071L2WF6T,CTIC003882
B071VFFY1H,NAADIB0019
B075VFP9DF,DCBADK0157
B071RTTKRJ,NABALP3212
B071RTTSFR,CAAU000019
B01J2SDC96,SPCRE00003
B003IYLQL2,STPHL00001
B00EOJNGR2,CAVGST0037
B01N3JSK6O,FMSAD00013
B004VCZJA4,MDVE001330
B00PJ8QGO2,NAADAS0190
B00GY5QJ2I,RAMM010534
B01N967RQN,CSINI00004
B071VFFT9J,INHCICA002
B071JSPNF2,PHCBRM0120
B01BY6B0DO,RAMS004328
B071NNQQLT,NABALP3590
B078NH55CB,CAKID00054
B071VFFJTH,NAORI00002
B0722R5GVX,TVACLT0108
B0711DC7LB,CAVG000590
B0727XLK4M,CTIC005611
B072HNXW6G,CARC000073
B079SN1C1Q,CSTHL00024
B072HNYF18,DCBADK0446
B00PJ8PSA0,NAADAC0065
B071DWLHQ1,HOICA00009
B079SMVGCZ,LPACE00168
B00PBC9BQ6,CTIC000937
B00KCUPBIE,DCTPJB0162
B00LP3AMC2,HSFI000162
B01IALMIVY,NAMAADA002
B01N6NXK9Q,PSICA00001
B01LVYNWVK,FMKIT00006
B00M1B2FCC,HMHOU00010
B00CK8YLNC,DCENI00023
B071LBK4F5,KMICA00013
B07771R48Z,LPMSI00082
B003GOFIC2,NTNE001651
B00COGLFNE,RAMS002297
B073ZP23QB,CVCHW00024
B071Y6F4TH,MTSAS00008
B072HNMSC5,ENICA00011
B0727XL86H,CADP000035
B0727XLMFT,CAHD000087
B072F33FHP,CARJ002703
B07195BG8N,CAAU000106
B00PBC9AJE,CTIC001182
B0725BVF68,CTIC005675
B071HH57BZ,CADP000042
B071DWLHH8,CTIC003356
B01KKEFOEM,RAMS004186
B072F3T3PB,CARJ001376
B071NNQHQQ,CAPS000146
B072F3QZBQ,CAUC000947
B079ST8PMS,CAICA00167
B0711DC877,CARC000026
B071HH4TBP,CAVG000082
B071DWLFBF,CTIC002623
B0711DC5WF,PHVM000530
B071L2XBXL,CAVG000046
B00ADJC8WQ,HHACKN0150
B0727XLGMY,CARJ000668
B071NNQLD6,CAUC000042
B071HH56CQ,KMICA00015
B079DQ4GVZ,ENADA00001
B00DLJYR0G,HSSO000433
B071DL4DFZ,MTAOC00001
B01NCI1HGR,NAADA00010
B001M0WE38,ETCON00001
B06XC8R1XC,MDRD000280
B00IF0XRMK,CAST003070
B0722R4Z7R,PEWEDW0019
B00P2KIKAU,CACT001599
B075XSD6HX,SWIO000019
B01N2YFL20,TOICA00010
B01GO0KA1I,ETFE000063
B0000BZHGV,HTDEN00001
B00PJ8PIZU,NAADAP0021
B00PJ8PWT2,NAADSS0040
B072HP4KGR,CAPS000162
B071HH5DRR,CAAC000080
B00PBCGIHQ,CTIC000255
B07438MSJT,LPACE00158
B009346RSS,HSFI000085
B013MC87JI,DCLOW00108
B017HVJQUO,NTAMW00003
B074DBMKM3,SSINT00015
B077HM8BG5,VDVEICA005
B01MUHYCQH,ACAPC00003
B0776VMTVP,DTZOT00024
B004A6H4CM,BAPH000046
B072MPCLD7,PHCHLT0025
B072F3TYS3,CAHD000634
B072HNRXHC,CTIC003748
B01FEEM9KK,DCOPE00002
B07BDQLGF7,GAMSI00012
B0725BVD6M,PEWEDW0055
B0716KXTQR,CTIC002240
B078Z2F181,BCKIG00001
B072F3269K,CARJ002696
B071DWLJ91,CTIC005586
B071NNQTKT,TAVM000126
B071YTYVX2,TVACRS0064
B0722R4YX4,CAAU000118
B071VFFVSX,CAUC000034
B00RFVLNN0,CAST002623
B01CJB3WZC,MEGSK00342
B072BRLDG6,DTZOT00017
B0046W2MKY,HMPLT00009
B075XSRVPJ,CTIC005078
B075Y4WY8N,CAICA00181
B001FBV1FG,RAMS002552
B01GNZCA9O,SMAD002188
B071VFCQBX,CAAU000085
B071YVRNPT,CADP000041
B071YVRCNG,CTIC002124
B079YY76ZS,CAICA00187
B071VDNCBS,CTIC005577
B074VGNS2X,HTJBL00022
B0725BTTRV,CAICA00028
B079YVJFKG,CAICA00136
B0725BV5YB,CAUC000019
B0725BVBWC,CTIC002259
B01AIZOVOW,RAMS004131
B0725BTZXK,CTIC003187
B072F41HLD,PEIC000036
B0722R53FK,CAAU000042
B0002J2MSW,CACT000410
B071HH5763,CAHD000448
B071YVRV27,CARJ000702
B072F3T3PM,CAVG000251
B0725BVG5S,CTIC005194
B000CP4NCE,MDPH000135
B06XFVJBDK,MEGSK00437
B014P5HV98,NABEL00026
B071FCB5MJ,HSEC000016
B01M34LRMI,HTKLI00009
B077TD85QL,KMICA00046
B01N3YQP1O,ENICA00007
B00P9ULFKU,CACT001465
B015GM6ZZA,PHSPGR0019
B072F417WX,CAHD000246
B079SSJQQ4,CAICA00129
B074VG7SDC,KMICA00033
B01GO0EUZU,SMSD002452
B073ZNG1WN,SPESC00004
B01E02D794,PHCBAD0055
B075XXGTFB,CAICA00164
B071R6W13M,HMPAS00008
B0096FF8XY,CAICA00020
B071VFFM1N,CAHD000123
B071RTTXHD,KMMPICA006
B00PJ8PF1C,NAADHP0030
B0716KYC9N,PHVM000529
B00PBC8RWU,CTIC000091
B071NNR2CD,CAAP000028
B071HH56DK,CTIC002099
B072HPC2LG,CTIC002829
B072F417X7,PHVM000546
B072F35NFB,CAAU000097
B071HH57C3,CAHD000652
B072BJDHKZ,CTIC003061
B01LWI1WT8,NAICA00035
B075SDZFHG,HSSDE00003
B001U7FZIO,CAST000195
B00CCI1GWE,GDLO000135
B01HDC21FE,PPAPC00015
B007BKM8IY,PHBALP0001
B077J9RFYF,DCROO00004
B01LVTJ2MK,SMSD002467
B01AO6PONC,DSLO000867
B071RTTSXC,CARJ002552
B072BJC125,CCRT000019
B071RTTKS1,CTIC002909
B0716KYB3G,NAICA00059
B016D1WYOY,SMSD002403
B00YG67J6M,PHCMRE0019
B00SETI2YA,SWMCA00008
B01A1DED1C,DSAD000019
B06VVSD3W3,PHCBRM0242
B07624QXVP,SWMLW00002
B0002MPNPI,MDPH000160
B07212RBBG,NAKOP00001
B01DYUKUV6,LPHEW00003
B011T38ZXK,NTAW000144
B07B42T38S,CAICA00099
B071KQBK5N,VDVEICA004
B00FGDPTSO,BADRC00003
B076MHLF1N,GAHTC00018
B074C2V3X4,KMLOT00036
B01MSCRLYN,NAADA00019
